{
    "idpt": {
        "M1000": [
            -0.25070985753881947,
            0.07000089925702507
        ],
        "M1001": [
            -0.23499077347569483,
            0.09777244457814742
        ],
        "M1002": [
            -0.2552295333341576,
            0.26409154974665733
        ],
        "M1003": [
            0.18359759875162524,
            0.03800419389824165
        ],
        "M1005": [
            0.21350573112127613,
            0.07033680028101344
        ],
        "M1006": [
            -0.44039882129758723,
            0.21940586172924587
        ],
        "M1008": [
            -0.21503323264885216,
            -0.36499143782296584
        ],
        "M1009": [
            0.3047350816005703,
            0.15481904599875368
        ],
        "M1010": [
            0.21132038932275454,
            0.3120791471792676
        ],
        "M1011": [
            0.14847430645291507,
            0.03079960181107736
        ],
        "M1012": [
            -0.4751005470912877,
            0.30341522971587226
        ],
        "M1013": [
            -0.17349837842936466,
            -0.10354151135962167
        ],
        "M1014": [
            -0.11488946854223633,
            -0.06326892693233455
        ],
        "M1015": [
            -0.23349733303499914,
            -0.16500443831182487
        ],
        "M1016": [
            -0.02055558635813924,
            0.043201733874016435
        ],
        "M1017": [
            0.16293602806624957,
            0.05456248901334644
        ],
        "M1018": [
            -0.2376923733412901,
            -0.14422674608262565
        ],
        "M1019": [
            0.2117497819321177,
            0.20884882904186805
        ],
        "M1020": [
            -0.20582882079896453,
            0.15946133148713
        ],
        "M1021": [
            0.16531729529853006,
            0.15878313790925075
        ],
        "M1022": [
            0.1856873326030722,
            0.14729216991877647
        ],
        "M1023": [
            -0.24704917281007405,
            -0.14296987365608854
        ],
        "M1024": [
            0.2667276524709278,
            0.3489425935611716
        ],
        "M1025": [
            0.20390381483331943,
            0.22413641200714043
        ],
        "M1027": [
            0.16280863858814584,
            0.19734051560818058
        ],
        "M1028": [
            0.17341989191573687,
            0.15618775693981646
        ],
        "M1029": [
            0.19879353332236474,
            0.21381749466242378
        ],
        "M1030": [
            0.19635214166199583,
            0.19987862069381912
        ],
        "M1031": [
            0.2369658646045843,
            0.01292405441458629
        ],
        "M1032": [
            0.19050577699716836,
            0.2750740516980152
        ],
        "M1034": [
            -0.2460788118593854,
            -0.36590473698864523
        ],
        "M1035": [
            -0.46360194408055305,
            0.2895948505503144
        ],
        "M1036": [
            -0.35214458848527963,
            -0.25714710033143695
        ],
        "M1037": [
            -0.2955451332075454,
            -0.16923923946012986
        ],
        "M1038": [
            -0.2366633245315582,
            0.18262063541474
        ],
        "M1039": [
            -0.2054733468976666,
            -0.3850767790094444
        ],
        "M1040": [
            0.2795133870078945,
            0.23377096582317228
        ],
        "M1041": [
            0.2506691205683298,
            0.41562874948544926
        ],
        "M1042": [
            0.19281327848743982,
            0.2798721137841944
        ],
        "M1043": [
            -0.5019407200310069,
            0.21101806248873178
        ],
        "M1044": [
            -0.2407855709220837,
            0.18716444442562144
        ],
        "M1045": [
            0.17481533518519016,
            0.22699132636329805
        ],
        "M1046": [
            0.1936530181937914,
            0.28851039546606716
        ],
        "M1047": [
            0.25955526397287815,
            0.311623149678814
        ],
        "M1048": [
            -0.24665624869162023,
            0.19441236198192785
        ],
        "M1049": [
            -0.19013724846794117,
            0.3820175865458534
        ],
        "M1050": [
            0.1956976446090758,
            0.21448102205074382
        ],
        "M1051": [
            -0.3283598504528271,
            -0.2633244324931523
        ],
        "M1052": [
            0.25357434554948655,
            0.42040466801919063
        ],
        "M1053": [
            0.18160894573430586,
            0.07626122002980948
        ],
        "M1054": [
            0.14566923022421654,
            0.21238175998167802
        ],
        "M1055": [
            0.16669061548637065,
            0.035647254051236824
        ],
        "M1056": [
            -0.24579611622241215,
            0.015775744914046513
        ],
        "M1057": [
            0.12186167678855829,
            0.2851039722080426
        ],
        "M1058": [
            -0.2381662586734549,
            -0.15103312221688725
        ],
        "M1059": [
            0.16334255352140545,
            0.25123663399446405
        ],
        "M1060": [
            0.25039802972429637,
            0.1916070618492693
        ],
        "M1061": [
            -0.21787576923037627,
            0.16161331580657268
        ],
        "M1062": [
            -0.05496672956340369,
            0.030715221399195823
        ],
        "M1063": [
            -0.24299000959113445,
            -0.1549920324570228
        ],
        "M1064": [
            0.1506557861071927,
            0.15044048125259252
        ],
        "M1065": [
            0.2939944614347634,
            0.07621752208051237
        ],
        "M1066": [
            0.1582446350581861,
            0.02997528843264837
        ],
        "M1067": [
            0.1729337727722836,
            0.18966535506177268
        ],
        "M1068": [
            -0.30260601075183735,
            -0.22983516925283376
        ],
        "M1069": [
            0.15143313181664017,
            0.12373775371682644
        ],
        "M1070": [
            -0.20961254044601885,
            -0.01258005682893953
        ],
        "M1071": [
            -0.28441934975650374,
            0.17676051877114662
        ],
        "M1072": [
            0.2164746886546382,
            0.025031929127419687
        ],
        "M1073": [
            -0.2862006185850424,
            0.15598945575515777
        ],
        "M1074": [
            -0.4193984780295439,
            0.22799361745504232
        ],
        "M1075": [
            0.21574978993205074,
            0.24584476328199434
        ],
        "M1076": [
            -0.20094621335340013,
            0.3835681393305358
        ],
        "M1077": [
            -0.1725232412444635,
            0.05497933260711431
        ],
        "M1078": [
            -0.1615320872254117,
            0.09132846165392564
        ],
        "M1079": [
            0.2537505539049748,
            0.254501062802457
        ],
        "M1080": [
            0.11292549708349273,
            0.03618378945253891
        ],
        "M1081": [
            0.3014136236271099,
            0.4367302446599245
        ],
        "M1082": [
            0.25493925111084115,
            0.2142763298481487
        ],
        "M1083": [
            -0.18506527869135145,
            -0.12559977429353938
        ],
        "M1084": [
            -0.04704468431241234,
            0.040654598673283374
        ],
        "M1085": [
            -0.23727051469079694,
            -0.1506890211505602
        ],
        "M1086": [
            -0.2814391420538287,
            -0.17476853738014206
        ],