{
    "idpt": {
        "M1000": [
            -0.30123694455377237,
            0.038973644183122644
        ],
        "M1001": [
            -0.2729322023784125,
            0.06029553816665135
        ],
        "M1002": [
            -0.267540615750827,
            0.13691007836937974
        ],
        "M1003": [
            0.2511067351520847,
            0.13104346731591981
        ],
        "M1005": [
            0.29337698660130845,
            0.21333931373516785
        ],
        "M1006": [
            -0.4548410848132895,
            0.06790852751573223
        ],
        "M1008": [
            -0.4290107221730266,
            -0.37486895686165356
        ],
        "M1009": [
            0.40303579575982545,
            0.18432456868796238
        ],
        "M1010": [
            0.31238002020694366,
            0.3114154925157432
        ],
        "M1011": [
            0.21369124189327338,
            0.1501633673995115
        ],
        "M1012": [
            -0.4520668300898127,
            0.1196827261305606
        ],
        "M1013": [
            -0.23352390695782116,
            -0.14006883737988277
        ],
        "M1014": [
            -0.15435792009524285,
            -0.022385092499247
        ],
        "M1015": [
            -0.32129132899789026,
            -0.20911788619495775
        ],
        "M1016": [
            -0.013315914066312835,
            0.026678806275531156
        ],
        "M1017": [
            0.2238808451165339,
            0.11487434550432532
        ],
        "M1018": [
            -0.31365725815976175,
            -0.2043935018234322
        ],
        "M1019": [
            0.29211410204793564,
            0.0984778901845976
        ],
        "M1020": [
            -0.23006128177397944,
            0.11397390981522897
        ],
        "M1021": [
            0.2277535463700892,
            0.11885247548201666
        ],
        "M1022": [
            0.2513369029451478,
            0.06926872364366267
        ],
        "M1023": [
            -0.32698862722193517,
            -0.19980832498545564
        ],
        "M1024": [
            0.37861418750507503,
            0.30495039149303516
        ],
        "M1025": [
            0.27529085392744085,
            0.04688453459831453
        ],
        "M1027": [
            0.21214732934090724,
            -0.032438195621836405
        ],
        "M1028": [
            0.2314517959008601,
            -0.02339522754077828
        ],
        "M1029": [
            0.26152470343860684,
            0.03673546911712125
        ],
        "M1030": [
            0.2620278596761161,
            -0.007529165031616382
        ],
        "M1031": [
            0.32704286653188375,
            0.1561151526470755
        ],
        "M1032": [
            0.24669711334219085,
            -0.0025914084782177427
        ],
        "M1034": [
            -0.45999409372385,
            -0.35345731122371415
        ],
        "M1035": [
            -0.45643455522394416,
            0.12830919510641836
        ],
        "M1036": [
            -0.5292715582709481,
            -0.22986169129973
        ],
        "M1037": [
            -0.47094944530247135,
            -0.1343360900268471
        ],
        "M1038": [
            -0.26514527143164934,
            0.11838054419981804
        ],
        "M1039": [
            -0.36979167257798934,
            -0.4411349539204044
        ],
        "M1040": [
            0.40259826282955796,
            0.12581134483282402
        ],
        "M1041": [
            0.3585422090591416,
            0.45573788368156126
        ],
        "M1042": [
            0.2786441325761515,
            0.2524813638507483
        ],
        "M1043": [
            -0.48419070779147655,
            0.06439234492825274
        ],
        "M1044": [
            -0.26430581491769656,
            0.09250096737175958
        ],
        "M1045": [
            0.22844235024090384,
            0.03127056209545241
        ],
        "M1046": [
            0.2696807420889934,
            0.18336333302896676
        ],
        "M1047": [
            0.3564753001581328,
            0.16589916352235884
        ],
        "M1048": [
            -0.2640143852783713,
            0.0896360359213437
        ],
        "M1049": [
            -0.18492040898226242,
            0.2482349192076516
        ],
        "M1050": [
            0.2623924062259113,
            0.0812217819163405
        ],
        "M1051": [
            -0.5558189703891986,
            -0.242866133003049
        ],
        "M1052": [
            0.3566568113909474,
            0.356378814671487
        ],
        "M1053": [
            0.243575507402088,
            0.13997915143166956
        ],
        "M1054": [
            0.1889272452854844,
            0.044602901284674604
        ],
        "M1055": [
            0.23296174194043956,
            0.1324335506692142
        ],
        "M1056": [
            -0.32158605340186064,
            0.026495302950851958
        ],
        "M1057": [
            0.14835600053657913,
            0.07876828879913722
        ],
        "M1058": [
            -0.3292731142845025,
            -0.1955316690973645
        ],
        "M1059": [
            0.2095508288187141,
            0.08845186285513357
        ],
        "M1060": [
            0.35359224335213835,
            0.10746983192275758
        ],
        "M1061": [
            -0.24105525271093317,
            0.09626771406123057
        ],
        "M1062": [
            -0.06043010025439764,
            0.03398563544337037
        ],
        "M1063": [
            -0.3309050069897566,
            -0.2098693823830105
        ],
        "M1064": [
            0.2056597877007998,
            0.07665473885424257
        ],
        "M1065": [
            0.40463982819000666,
            0.17351167307080592
        ],
        "M1066": [
            0.2180150053150796,
            0.09651698965638275
        ],
        "M1067": [
            0.2292510021261074,
            0.02571370938747292
        ],
        "M1068": [
            -0.4659299735024569,
            -0.22523514519696206
        ],
        "M1069": [
            0.2061558342646871,
            -0.11260335304036621
        ],
        "M1070": [
            -0.2694588303261354,
            -0.04154766198389084
        ],
        "M1071": [
            -0.31980974606014345,
            0.09807478715936033
        ],
        "M1072": [
            0.2844737623843935,
            0.16830091390060525
        ],
        "M1073": [
            -0.305245204403278,
            0.05156012800673106
        ],
        "M1074": [
            -0.4353551386403647,
            0.08791670394907003
        ],
        "M1075": [
            0.2992710721051923,
            0.12339603475657335
        ],
        "M1076": [
            -0.1986255723590539,
            0.2746486470390833
        ],
        "M1077": [
            -0.21117522518663032,
            0.045480073534309426
        ],
        "M1078": [
            -0.1873954640419691,
            0.0403483333340794
        ],
        "M1079": [
            0.35423903042597626,
            0.1409775438503929
        ],
        "M1080": [
            0.16255840968900134,
            0.14599835906167963
        ],
        "M1081": [
            0.430073204977964,
            0.3698513984852899
        ],
        "M1082": [
            0.3653721636007782,
            0.08278731158199894
        ],
        "M1083": [
            -0.26142271949811446,
            -0.12740603873379194
        ],
        "M1084": [
            -0.04767185997426404,
            0.04355505630241796
        ],
        "M1085": [
            -0.31209835615480275,
            -0.20381063444567055
        ],
        "M1086": [
            -0.43017812244376397,
            -0.1463622914970729
        ],
        "M1087": [
            -0.45420435761082073,
            -0.1323959815100696
        ],